{
  "lightgbm": {
    "num_leaves": 102,
    "max_depth": 3,
    "learning_rate": 0.0422095860452214,
    "n_estimators": 585,
    "min_child_samples": 23,
    "subsample": 0.9007038726476511,
    "colsample_bytree": 0.6475645819119357,
    "reg_alpha": 0.0020470233889938834,
    "reg_lambda": 5.042891771443982e-08
  },
  "xgboost": {
    "max_depth": 5,
    "learning_rate": 0.12024686334999465,
    "n_estimators": 227,
    "min_child_weight": 16,
    "subsample": 0.966499919746455,
    "colsample_bytree": 0.8980161956774908,
    "reg_alpha": 0.003286081709446266,
    "reg_lambda": 0.5040336631918078,
    "gamma": 0.01253124408914188,
    "scale_pos_weight": 4.949686045366604
  },
  "catboost": {
    "iterations": 301,
    "depth": 7,
    "learning_rate": 0.17693494654523156,
    "l2_leaf_reg": 0.5235415533717427,
    "border_count": 228,
    "bagging_temperature": 0.005428639694039894
  }
}